var1,var2,var3,var4,var5,var6,out
0.546917377,0.645462732,0.361969836,0.030735655,0.286903745,0.624088687,0.142855334
0.76376223,0.739315851,0.010895002,0.234503374,0.34401629,0.84332555,0.546428016
0.08735374,0.785705734,0.327879589,0.688342099,0.072475525,0.513272063,0.601152045
0.335157083,0.936150225,0.105618485,0.679965084,0.304758179,0.067692791,0.684769038
0.841534444,0.535284952,0.391050487,0.417860025,0.086843688,0.292193543,0.181256658
0.073224011,0.194540102,0.182932316,0.791043541,0.749398937,0.37548582,0.812618049
0.034036975,0.484008472,0.624515342,0.044343003,0.331698421,0.898999783,0.826741682
0.989887983,0.870149328,0.152998342,0.986288165,0.932652504,0.252417178,0.062833443
0.624041256,0.656448582,0.080692489,0.655883077,0.110298604,0.734787391,0.774505855
0.995282523,0.451941383,0.483099565,0.765579771,0.19356065,0.941433035,0.099426157
0.700310544,0.395020228,0.377824341,0.769682299,0.055604561,0.620158746,0.236956654
0.847835714,0.185263765,0.72854562,0.464165806,0.947202306,0.648146546,0.918861892
0.400888391,0.749845462,0.547549145,0.31412697,0.934758891,0.876791486,0.960676253
0.605669763,0.085044421,0.64216154,0.560900808,0.473007424,0.581193069,0.607911364
0.956147933,0.770379645,0.558779378,0.991147974,0.335391002,0.605366995,0.829473045
0.637944704,0.132115674,0.389626548,0.966549432,0.205376666,0.46343441,0.751815414
0.208896071,0.976923529,0.116458311,0.784685895,0.685697525,0.57165649,0.821108323
0.235418526,0.688366558,0.443350166,0.559428768,0.225648921,0.144212882,0.734876727
0.339032276,0.191302376,0.109072991,0.154796026,0.528515246,0.451754174,0.970929075
0.557457934,0.026599153,0.941906217,0.957516984,0.432782576,0.848113912,0.995761046
0.174531354,0.384200658,0.707662281,0.019306288,0.77602617,0.610940409,0.751510018
0.968521845,0.640871239,0.248504417,0.018387454,0.764578258,0.013667773,0.701661259
0.145216366,0.321446975,0.107973653,0.711272974,0.290667397,0.345893568,0.1362039
0.472779772,0.796667863,0.319834505,0.1212563,0.724330352,0.763866065,0.41983426
0.579059851,0.096413712,0.146135365,0.098941444,0.15280917,0.569570077,0.452864762
0.254294898,0.616893743,0.898663411,0.370528294,0.395727195,0.210692775,0.878442467
0.201929826,0.445878343,0.279634211,0.159294891,0.054288569,0.766793423,0.715380596
0.902550971,0.654234423,0.545162955,0.603502619,0.366693594,0.839644619,0.812477767
0.591397562,0.532407033,0.485112787,0.674207434,0.23932515,0.299990615,0.76802812
0.055993065,0.243777239,0.508386077,0.523374026,0.196636593,0.553408909,0.819741017
0.907293462,0.31120575,0.819589932,0.384655782,0.048717232,0.658198642,0.680537937
0.274262222,0.670518128,0.593314902,0.258474711,0.663380278,0.683504849,0.147498276
0.232632029,0.941196025,0.679370724,0.686982676,0.065510107,0.445465265,0.819048703
0.768029536,0.214195271,0.608971716,0.204555758,0.522341886,0.472234051,0.773303253
0.730154259,0.618483962,0.639087184,0.809309666,0.097034055,0.438302994,0.758069728
0.798595847,0.923036335,0.199833857,0.981893132,0.37117189,0.777011019,0.31757303
0.381482046,0.196345037,0.920089458,0.721357591,0.687223768,0.73141126,0.773834283
0.315089544,0.639146015,0.039425508,0.312720467,0.287948793,0.914307391,0.542346895
0.565211928,0.772471532,0.86565761,0.029837314,0.150156334,0.30645584,0.781179841
0.379178751,0.262069936,0.363996818,0.29766109,0.963610332,0.703065633,0.912708113
0.096311577,0.118572045,0.039887751,0.938500059,0.467346351,0.662080626,0.982564954
0.625268611,0.194844406,0.789170146,0.683709997,0.120249903,0.773201803,0.240315861
0.252615589,0.434481844,0.18907722,0.250336291,0.442764976,0.221711896,0.772883786
0.117137596,0.012095335,0.783421989,0.134059712,0.215615504,0.14421703,0.810845409
0.409967534,0.582360798,0.334763937,0.144145392,0.06380499,0.719514791,0.841748743
0.161550423,0.001972871,0.25947979,0.523865413,0.303036822,0.743640397,0.686865807
0.007082328,0.947413791,0.05001772,0.33457628,0.540318845,0.270360874,0.146250861
0.627201003,0.930450689,0.541132425,0.296815904,0.945072161,0.704402183,0.918121876
0.003864045,0.013987497,0.630487294,0.396767046,0.8086238,0.240677986,0.336044302
0.4651599,0.002312524,0.774036301,0.613629766,0.563480548,0.360979547,0.058810424
0.47180768,0.58299811,0.64961001,0.520098411,0.784422832,0.663105861,0.524648785
0.95584561,0.372465923,0.618421765,0.90101029,0.632418722,0.441458592,0.503339176
0.192395029,0.218464653,0.010927032,0.19725999,0.213395986,0.500932249,0.16037775
0.683276067,0.938001462,0.783071569,0.176009387,0.130847478,0.554177967,0.408310011
0.095138025,0.147396193,0.859308871,0.316061083,0.547599257,0.486106653,0.820345986
0.010668567,0.231558895,0.209133586,0.4168256,0.434431773,0.6554773,0.592580955
0.797919377,0.795575591,0.482815742,0.033348286,0.483954629,0.697297636,0.523584759
0.160260547,0.158787815,0.173321493,0.872514886,0.101135752,0.910960102,0.035748066
0.006285593,0.405751586,0.699792353,0.608077015,0.547640428,0.819784964,0.916417122
0.855290483,0.728495059,0.060142645,0.206684302,0.094749312,0.574045087,0.095935055
0.149711786,0.291366705,0.445899637,0.362304117,0.573051176,0.861329113,0.037225192
0.481781172,0.57281488,0.512158145,0.342225789,0.631323518,0.913850582,0.328547059
0.848802421,0.146096292,0.756797873,0.240352957,0.334916707,0.246379312,0.568905993
0.218402524,0.902475313,0.572947201,0.180071986,0.276810071,0.145160577,0.548146136
0.271660543,0.962519458,0.47293565,0.026453638,0.237085364,0.563685506,0.218005299
0.219373443,0.404420065,0.183439127,0.261201513,0.985747491,0.059545269,0.291967791
0.017331084,0.984404934,0.466314962,0.505156282,0.43665947,0.909579365,0.771966265
0.357971908,0.416744068,0.128034404,0.480344546,0.982951516,0.051525187,0.719405736
0.459277812,0.019833972,0.289582406,0.623566916,0.630714896,0.937090159,0.061338075
0.799417347,0.614683032,0.095603493,0.461396185,0.37823883,0.668983774,0.256011634
0.839512844,0.647811087,0.099916844,0.927977739,0.557503534,0.346245542,0.521985026
0.090056767,0.90092819,0.682091467,0.150450349,0.853385857,0.615627117,0.045676038
0.187257032,0.718430445,0.736340411,0.068850469,0.714730939,0.730572539,0.028488609
0.089246035,0.586603029,0.724909018,0.183747054,0.144165831,0.961310949,0.068824936
0.560845457,0.071533182,0.397518244,0.115765401,0.837952891,0.719466422,0.687773732
0.741145963,0.32312087,0.347303466,0.721628321,0.1659331,0.336244766,0.881291557
0.229571055,0.192263357,0.548173987,0.327823198,0.491073008,0.919393688,0.82267394
0.970329823,0.100753841,0.225635028,0.941392844,0.561131875,0.548086766,0.55945121
0.643586195,0.624887116,0.963263459,0.621648251,0.107828224,0.572846331,0.083487637
0.903261418,0.47265616,0.090376114,0.187084537,0.358236457,0.176241683,0.335872591
0.06910921,0.849562576,0.745218158,0.211387685,0.67086654,0.494509225,0.677535735
0.988891783,0.942023301,0.271924889,0.496293408,0.590134549,0.729285908,0.281874988
0.762834952,0.367462206,0.305868738,0.75292165,0.650391562,0.517213101,0.218440874
0.807832316,0.365998957,0.383200543,0.754597393,0.577059394,0.012424304,0.408679041
0.497915225,0.974788908,0.045525539,0.885615398,0.035404838,0.506273392,0.252572922
0.194223789,0.841314679,0.786319794,0.899453012,0.167085831,0.542753198,0.757221134
0.241168943,0.795909825,0.807829365,0.152640917,0.333710592,0.79453003,0.691674908
0.921448723,0.909223876,0.527385296,0.663953381,0.90021542,0.143992412,0.043827079
0.314337815,0.120906938,0.242813812,0.666869229,0.354018362,0.326740936,0.627924928
0.398121127,0.668663177,0.959004034,0.431598685,0.044070758,0.940762874,0.444397407
0.505652594,0.301381633,0.414613352,0.348537017,0.095584117,0.12123184,0.610398709
0.082153684,0.57104924,0.397804379,0.238195375,0.742050139,0.714823063,0.453484741
0.316257473,0.026962889,0.435587681,0.188212424,0.578917268,0.74021944,0.783905471
0.080326155,0.468221,0.406078365,0.251432937,0.111676428,0.554311273,0.017218566
0.166338472,0.130241037,0.768458692,0.806854444,0.491502271,0.725021825,0.232167615
0.085067842,0.531490363,0.270647821,0.426743816,0.051489195,0.088631513,0.69310977
0.903902753,0.816634524,0.353613852,0.166873426,0.358998982,0.471715933,0.381303897
0.870168242,0.014746588,0.035937228,0.911383476,0.261788786,0.15254033,0.261688005
0.84312345,0.165589446,0.339064261,0.572744016,0.9674975,0.145051249,0.337105436
0.918347282,0.074865154,0.343972311,0.340397382,0.407652909,0.530126773,0.776343503
0.941898562,0.814798311,0.684948476,0.040950363,0.835687387,0.119828275,0.954140134
0.394536283,0.129072904,0.063315073,0.337022428,0.050665313,0.813258432,0.762041956
0.266223903,0.04094082,0.831197337,0.265504323,0.194464201,0.241199881,0.395234599
0.880706252,0.933153736,0.965927135,0.294525543,0.429777817,0.033681078,0.075367134
0.162790995,0.087650837,0.585288552,0.763821167,0.71603982,0.899184266,0.279916121
0.321994492,0.301924568,0.950923559,0.033227027,0.049410572,0.086242253,0.425551577
0.672898299,0.563317697,0.24451578,0.812493678,0.50164961,0.051712,0.466459973
0.590462642,0.508710208,0.908005181,0.852669225,0.237505276,0.694044435,0.530669263
0.390096798,0.839845888,0.078661081,0.272925374,0.797429973,0.976371717,0.053401234
0.851182661,0.279403066,0.641296915,0.512528797,0.397757896,0.413070802,0.291919841
0.165788188,0.425577857,0.121992932,0.182039533,0.117306972,0.598054324,0.542914671
0.265430959,0.704806307,0.143775069,0.27704034,0.829804921,0.070996448,0.314580918
0.556825983,0.51621187,0.086067076,0.93296899,0.675600881,0.033588296,0.459229373
0.231064524,0.27261522,0.869743618,0.480295671,0.301416411,0.908295551,0.095782244
0.012471318,0.084221584,0.669921836,0.414624349,0.327265948,0.881101306,0.332938337
0.78915844,0.44022251,0.24544562,0.503723456,0.456388962,0.388222037,0.114135203
0.909172134,0.22713665,0.181912662,0.262581026,0.226346933,0.407114143,0.52499026
0.081755907,0.095211866,0.481270118,0.865868901,0.95002765,0.418641696,0.484507459
0.941190892,0.477424447,0.738150979,0.848200066,0.089007458,0.087446157,0.485921543
0.047653129,0.773101915,0.862868228,0.818644826,0.392557859,0.938170925,0.772493059
0.439133695,0.038758603,0.658967615,0.605408093,0.568559716,0.566365057,0.59420241
0.349020913,0.031139549,0.893638362,0.600716229,0.79145697,0.322655233,0.976635121
0.808922779,0.91382855,0.688156005,0.802144538,0.675521939,0.080137691,0.87609223
0.937563825,0.950264756,0.314795633,0.814878795,0.730617608,0.747888197,0.749144747
0.150175897,0.178949722,0.508369759,0.318269719,0.742781438,0.021179639,0.645401408
0.36280185,0.704880859,0.612601271,0.008841416,0.479888151,0.087169932,0.264013144
0.414829055,0.83431531,0.951015498,0.560166378,0.277495267,0.163340761,0.984711844
0.129170565,0.813947618,0.878481575,0.936987612,0.906728126,0.527136333,0.817108446
0.880017379,0.299153457,0.637685304,0.477249913,0.288357384,0.949021556,0.803376211
0.352709946,0.364932081,0.293860225,0.427497274,0.290268658,0.357448219,0.588763841
0.404663952,0.648253075,0.362986783,0.894624375,0.144650954,0.213656731,0.762043787
0.380373315,0.376789812,0.723282715,0.904061279,0.572368637,0.631719711,0.210639638
0.262296257,0.806397306,0.921717404,0.670161422,0.0350287,0.678257693,0.768095933
0.035102497,0.289836344,0.646961567,0.362639367,0.568038803,0.084898581,0.812036362
0.930913161,0.431418633,0.970947916,0.929878754,0.219455142,0.685521933,0.020557952
0.871519643,0.742108241,0.219088667,0.81066763,0.743554084,0.112508917,0.597950936
0.872025241,0.293702187,0.54172053,0.892791721,0.024101389,0.673388907,0.740122573
0.663551281,0.425978408,0.649886798,0.707958574,0.807933515,0.249069736,0.57370145
0.272352244,0.259011293,0.018686881,0.701698147,0.627749797,0.292306382,0.363912922
0.581039395,0.692079713,0.208959587,0.544707205,0.079539928,0.004766018,0.512048822
0.539326777,0.497135285,0.301545996,0.948903073,0.800964044,0.367063955,0.165805039
0.670388117,0.862404516,0.247841305,0.489460665,0.112741555,0.715764013,0.709404336
0.394358237,0.405366928,0.153193708,0.666567213,0.174561562,0.752770066,0.348831069
0.302235346,0.387764607,0.876188085,0.689297858,0.40370023,0.121229258,0.84851383
0.507176327,0.761700091,0.520218871,0.977976776,0.67626046,0.030028737,0.035647649
0.502503434,0.536672558,0.528199555,0.991300203,0.881717409,0.896188506,0.69784601
0.693890831,0.763834783,0.793537609,0.959286024,0.908398753,0.018406468,0.928487724
0.24572158,0.796674411,0.175735315,0.444254665,0.607568312,0.207361118,0.519394202
0.124058076,0.240104408,0.221870353,0.482273981,0.046760648,0.892373912,0.194548323
0.302969398,0.917477656,0.830655973,0.535126079,0.046052355,0.340376208,0.192508105
0.388658796,0.028148136,0.192010162,0.551256328,0.311423345,0.218222372,0.033645877
0.304053195,0.616377771,0.61692381,0.186499702,0.024553319,0.888251463,0.47690164
0.957194538,0.329989871,0.291016728,0.237030665,0.922443633,0.84007862,0.848119348
0.82956833,0.734910273,0.750314282,0.111961901,0.097624809,0.572259565,0.68787387
0.213057055,0.905593906,0.499855387,0.96246181,0.795591701,0.499689555,0.049826226
0.665542151,0.392537836,0.781684386,0.152627216,0.073538577,0.518296465,0.675277433
0.878347577,0.256958339,0.980572015,0.977281475,0.843210153,0.961622903,0.450598532
0.309609152,0.138610061,0.738790346,0.023812148,0.114490637,0.673850819,0.574221321
0.712862274,0.279392715,0.083884609,0.93309049,0.390984594,0.603557678,0.078808317
0.802839209,0.312986366,0.483077983,0.822348475,0.165361087,0.843331907,0.351309299
0.609577503,0.171631847,0.69309367,0.049227089,0.277806339,0.415664895,2.41487E-05
0.048982855,0.744567255,0.668313503,0.983841521,0.349538991,0.242510259,0.058907886
0.213182224,0.291818077,0.959985241,0.255200305,0.090997799,0.076272312,0.35198743
0.221283489,0.894989354,0.350100656,0.985197338,0.897625376,0.067455807,0.271098117
0.449629669,0.06942198,0.701141636,0.06199052,0.418949788,0.182254778,0.817980597
0.925157823,0.360528896,0.29988947,0.424371558,0.853909901,0.795961369,0.860711488
0.465120675,0.08201315,0.93126971,0.859621403,0.756941149,0.987967044,0.213993396
0.246547536,0.239724793,0.478114813,0.033934045,0.516915338,0.570286404,0.677794932
0.118764534,0.639610639,0.38735292,0.167703741,0.726979511,0.797572032,0.415886262
0.507236044,0.383423363,0.429395401,0.364271229,0.477173385,0.7142073,0.218889675
0.312238231,0.417027636,0.716263201,0.60353699,0.006606398,0.688920463,0.455987463
0.801936364,0.770680808,0.217669735,0.798105808,0.025501067,0.790357497,0.970257079
0.652614339,0.067036909,0.270009389,0.987029931,0.646428136,0.163221998,0.162004513
0.937974512,0.306889186,0.079952543,0.290642594,0.627043619,0.690554129,0.098723082
0.094210324,0.645144129,0.126707942,0.155656069,0.528454344,0.619587404,0.94201265
0.178591787,0.319944906,0.63352502,0.3894139,0.289991636,0.144833551,0.796136951
0.189656237,0.021020158,0.499608168,0.111160213,0.13865617,0.928255125,0.950730093
0.417498825,0.443999807,0.157502426,0.310387061,0.020220137,0.129564878,0.33243839
0.507209369,0.375775157,0.157279665,0.965868265,0.379989854,0.918436179,0.60775087
0.115215586,0.526082815,0.64128099,0.738999529,0.748024842,0.779022466,0.827758067
0.784513009,0.544095752,0.02789394,0.425857361,0.18006304,0.117749503,0.447003349
0.867166693,0.289291156,0.864228775,0.99888894,0.031671365,0.437452736,0.212650185
0.74794509,0.804335849,0.178925803,0.902372098,0.710887939,0.281078878,0.577162128
0.364241704,0.417453903,0.3866566,0.773369158,0.644062326,0.90624511,0.222511038
0.887891405,0.584449721,0.81226865,0.059409039,0.178744762,0.974937499,0.897899291
0.076870169,0.854779965,0.608674905,0.727973464,0.729505104,0.604584016,0.11213981
0.221866429,0.680311775,0.214384699,0.657662158,0.289335793,0.298228811,0.845451703
0.58869323,0.322471314,0.253964093,0.391815737,0.982455708,0.669061386,0.365957058
0.899703665,0.393559578,0.648114775,0.836859036,0.88631887,0.267917715,0.287581525
0.439702862,0.811531854,0.896736489,0.246652009,0.400589812,0.001751247,0.255276316
0.2309126,0.806690596,0.670574193,0.519881845,0.630587793,0.743736086,0.095983444
0.26171761,0.43404107,0.204552474,0.221527419,0.989370296,0.453057933,0.702172194
0.129033811,0.114142053,0.311745705,0.98271795,0.818773209,0.975920632,0.962023179
0.92040799,0.599988651,0.67584683,0.429501186,0.85686513,0.803199181,0.96660776
0.206984901,0.154304068,0.637931005,0.868436418,0.035712336,0.324942022,0.279136067
0.663014707,0.364348619,0.074826465,0.867296134,0.688905492,0.211735186,0.801085604
0.687110656,0.37682346,0.063545084,0.330565302,0.845689651,0.259459484,0.871213923
0.685380774,0.839879674,0.877880899,0.849914183,0.875431749,0.177682202,0.306103497
0.990008598,0.898987286,0.700152105,0.059108233,0.482361478,0.121663407,0.437668595
0.431227349,0.406381307,0.209732104,0.597417498,0.694661634,0.095298517,0.181744359
0.883529165,0.144921543,0.318185645,0.622313106,0.962217156,0.569219323,0.581415037
0.361582751,0.418954906,0.24561404,0.056926325,0.160622214,0.334116222,0.495666146
0.031302181,0.323826846,0.61243616,0.536516009,0.489026244,0.044843906,0.1520995
0.59049289,0.482518446,0.943133136,0.563619857,0.57601899,0.447297858,0.582760975
0.186292169,0.045310186,0.677117089,0.941894951,0.232565626,0.319553227,0.500536265
0.150304715,0.735718836,0.278626951,0.88243599,0.41558055,0.292447917,0.163409943
0.322341865,0.031338914,0.259719012,0.308651015,0.126178687,0.409539752,0.366216001
0.307188261,0.937195079,0.268553324,0.851195132,0.324807792,0.829992927,0.968643565
0.582885344,0.287301626,0.404789992,0.671279426,0.120096967,0.300911081,0.708062547
0.383361018,0.184656261,0.020546927,0.111848997,0.354102807,0.154918397,0.058277561
0.158777605,0.584754373,0.192629388,0.799118916,0.647646073,0.098831077,0.650077178
0.955217602,0.251860381,0.542016736,0.83171633,0.368922634,0.384045094,0.436881352
0.770352879,0.915391207,0.604670534,0.196289702,0.44351055,0.074361044,0.377080904
0.05102411,0.998348937,0.046129057,0.875868904,0.953637041,0.067775693,0.644360463
0.276214286,0.30814373,0.423002831,0.664430111,0.585409278,0.788006326,0.030333111
0.444141955,0.251416671,0.548106773,0.627872358,0.943584449,0.764937115,0.154260701
0.556338278,0.265312951,0.279678556,0.050772344,0.312918528,0.655137371,0.671062397
0.899581066,0.999145978,0.252534523,0.383707583,0.721031886,0.389297331,0.226292119
0.881509151,0.745161855,0.742020957,0.245626218,0.576034999,0.616397555,0.060602102
0.423047466,0.669880671,0.93793155,0.687209078,0.168415909,0.987770572,0.581818185
0.535793258,0.475365359,0.899378897,0.982860109,0.057901182,0.65845818,0.790196545
0.344571703,0.917559466,0.822121175,0.747450416,0.659539036,0.676101937,0.069990168
0.13851532,0.479902297,0.932149654,0.655805441,0.624098725,0.74147001,0.359303009
0.918483291,0.733142417,0.058522593,0.809293518,0.70477201,0.801428811,0.954982324
0.86220384,0.305555406,0.299334477,0.683720514,0.530306603,0.917053854,0.785002968
0.87357802,0.55130607,0.455870171,0.143043732,0.113324969,0.081765931,0.209284723
0.620431903,0.05426585,0.737779165,0.911503259,0.185772322,0.125801702,0.016547172
0.228103984,0.061091347,0.304009005,0.290515816,0.682861703,0.730030754,0.353766225
0.732887729,0.443097551,0.668881626,0.388256961,0.47006731,0.666630897,0.640835833
0.955439796,0.270241578,0.206573853,0.743410993,0.491501537,0.582830296,0.724956478
0.13293189,0.276430622,0.32448123,0.969192989,0.824432858,0.216700922,0.105967586
0.216099521,0.395029723,0.92293103,0.763121817,0.68672863,0.385885159,0.385105688
0.934659508,0.502623765,0.126530735,0.289926767,0.846819834,0.724745744,0.666073736
0.66100282,0.171505464,0.090913166,0.146867821,0.257601308,0.79228831,0.559488547
0.062171938,0.059891915,0.030920706,0.939191239,0.725546711,0.94938874,0.301843261
0.829969273,0.061907903,0.591955525,0.839175849,0.037190302,0.250326911,0.323111991
0.452880691,0.350150757,0.731516233,0.664053552,0.151285967,0.833657865,0.450927371
0.449025097,0.24880091,0.146678738,0.901706063,0.996245658,0.127145811,0.720501804
0.819061501,0.710581966,0.060162404,0.135856241,0.885502615,0.573579332,0.781059705
0.863611441,0.473527729,0.103007253,0.616620887,0.769382294,0.089726538,0.583110991
0.42062235,0.145179851,0.899991025,0.935046644,0.730480158,0.000286596,0.717152703
0.829128925,0.717505857,0.048133094,0.130379903,0.219990056,0.865061323,0.34363187
0.771432468,0.834960967,0.304837195,0.784502422,0.969477293,0.003792608,0.650090036
0.980393201,0.210333443,0.969504445,0.230778701,0.091457125,0.529533868,0.0656149
0.252860313,0.1071325,0.952724544,0.452402868,0.784249568,0.748296372,0.560180683
0.634419386,0.088142251,0.87649574,0.236960146,0.826784641,0.319769319,0.501140699
0.494206996,0.327812576,0.321962587,0.428081278,0.347309252,0.913492301,0.202449429
0.898883658,0.137107968,0.461351649,0.180815629,0.837369214,0.553851712,0.359880514
0.474318114,0.192930019,0.477148626,0.980999728,0.989408679,0.621235191,0.858258845
0.203888759,0.729139693,0.067186927,0.042388978,0.691877208,0.221236219,0.110226818
0.968183821,0.718700315,0.016505416,0.321794098,0.116737726,0.988297603,0.647596114
0.06006592,0.788612607,0.252536135,0.887035252,0.51428737,0.506332211,0.503191339
0.898730413,0.964709252,0.283080586,0.445963396,0.183403496,0.150455833,0.658755421
0.086236617,0.349651317,0.91122249,0.961598666,0.11083687,0.708596388,0.456457288
0.550157313,0.535450709,0.131089289,0.052137466,0.334620277,0.556001177,0.420082583
0.428628459,0.201131702,0.490395332,0.941749602,0.784397354,0.654586322,0.837589466
0.454338002,0.818693744,0.696545158,0.174802634,0.851408195,0.170707396,0.277399847
0.394245017,0.177779151,0.007600386,0.291528947,0.397305046,0.904799185,0.381282123
0.696306026,0.498101085,0.195047712,0.044950715,0.947831633,0.687338324,0.32579401
0.476059491,0.556390467,0.22613663,0.578593086,0.758290763,0.472955758,0.418996929
0.578933163,0.661439301,0.111444934,0.933898364,0.556189694,0.450377029,0.856034095
0.596098627,0.286783185,0.527165392,0.867538969,0.360074334,0.682732712,0.408482644
0.248049913,0.805975762,0.424043499,0.850102864,0.515912531,0.437094583,0.255842841
0.893537848,0.881347163,0.687655641,0.937480962,0.498781024,0.108609073,0.891376373
0.574820114,0.876695238,0.647244355,0.88258285,0.950755675,0.349802701,0.810750271
0.647590711,0.333183145,0.568464686,0.125994812,0.31045632,0.807331448,0.833031968
0.878593586,0.183227873,0.074474901,0.769194451,0.095051563,0.491785478,0.586446177
0.39968298,0.451431638,0.872935051,0.747673604,0.766375214,0.57426669,0.680765447
0.984494378,0.880100659,0.119913473,0.916846107,0.537400263,0.811049687,0.990559135
0.886067272,0.410642134,0.8608698,0.584908997,0.467608722,0.082691123,0.834179675
0.758385147,0.481046932,0.2232187,0.53802011,0.65007556,0.292392338,0.923513351
0.325411747,0.072417298,0.305112161,0.570615991,0.237206119,0.772844148,0.019080183
0.845506569,0.272303415,0.802784533,0.623506537,0.603891429,0.942769792,0.57945125
0.363755185,0.925257629,0.480967552,0.219022764,0.543738347,0.281312786,0.762674724
0.464178461,0.563588871,0.438950333,0.952224717,0.763860272,0.637533295,0.11470593
0.189968492,0.685900494,0.900644438,0.77760407,0.542111649,0.609337721,0.340104965
0.918621156,0.318466556,0.753271599,0.990016804,0.095415278,0.159563959,0.010370188
0.15808112,0.696729873,0.883218549,0.270077709,0.324024658,0.877851272,0.41127032
0.392335621,0.524200637,0.247016765,0.93140349,0.813256483,0.773279587,0.299213979
0.556369549,0.987026556,0.192995117,0.594734585,0.498795185,0.144563369,0.419577541
0.423441802,0.236780489,0.184078706,0.162367606,0.335216847,0.49498088,0.96260894
0.816366289,0.222991631,0.533014349,0.492875845,0.573288669,0.697629703,0.038108854
0.097001854,0.495997911,0.891974846,0.823158966,0.194760956,0.834287234,0.528593649
0.917854138,0.446912073,0.103036507,0.308988034,0.193050942,0.617597481,0.86258305
0.371312463,0.394661066,0.419326969,0.440912715,0.433259052,0.064305089,0.682593265
0.232160333,0.263728886,0.144457674,0.073671228,0.161031855,0.269351426,0.002874666
0.252359166,0.719891343,0.276607286,0.533110994,0.184807195,0.753144572,0.30547299
0.470154394,0.089082881,0.066747697,0.314569949,0.283607369,0.227380331,0.725744993
0.228739271,0.769431993,0.905504631,0.807197843,0.050838836,0.276541509,0.974966814
0.178155833,0.014531992,0.853708277,0.642507688,0.866383422,0.331984086,0.592267904
0.227820073,0.613241262,0.775511792,0.6713484,0.520667466,0.753436757,0.336987262
0.381512797,0.253644278,0.415593421,0.441315288,0.886489795,0.108594104,0.118643114
0.682472138,0.409242415,0.45538345,0.289621371,0.110843393,0.1070993,0.015184667
0.362157633,0.650778789,0.51130465,0.387635283,0.975493052,0.966943323,0.578144983
0.668517801,0.91306557,0.820874783,0.712028012,0.920531559,0.592451665,0.616682375
0.869849239,0.312166399,0.276766965,0.813868242,0.973581754,0.351703283,0.262393202
0.273246694,0.644097838,0.814980274,0.941321467,0.669528369,0.492138065,0.990220269
0.905139983,0.017159984,0.474594138,0.777972109,0.656544247,0.657602058,0.943697475
0.237300219,0.111991468,0.531713285,0.699170039,0.707979034,0.641624417,0.710721599
0.659641854,0.040011869,0.899624064,0.705288039,0.458243784,0.954189257,0.865721665
0.006104296,0.416127344,0.003797683,0.548265627,0.479230755,0.905376276,0.596977406
0.407017869,0.205816515,0.210527835,0.37662713,0.952624902,0.898928048,0.84245005
0.894058782,0.100938263,0.670181092,0.208341826,0.395396557,0.036284125,0.579733386
0.265912055,0.986444388,0.990627065,0.959850251,0.981383929,0.180889138,0.733546765
0.46049692,0.94236033,0.308492424,0.179497711,0.12258044,0.877170537,0.984976937
0.237622011,0.656296554,0.591185124,0.757800153,0.954126532,0.416675642,0.808868041
0.994519073,0.100235431,0.144685723,0.779243345,0.74312185,0.273819516,0.011511227
0.373767537,0.337948684,0.215615273,0.436189787,0.206168362,0.363979418,0.31364853
0.827992657,0.165258236,0.99790815,0.498032906,0.804151314,0.857502276,0.77241251
0.765103317,0.075680381,0.601521556,0.603698094,0.809685778,0.486602251,0.600826389
0.156201997,0.657926351,0.018333617,0.117272813,0.934226283,0.581493213,0.767989778
0.989859329,0.176491929,0.097783047,0.718443713,0.71661166,0.432814105,0.842866002
0.257605592,0.729380494,0.827444011,0.511823113,0.254057311,0.266144496,0.87256886
0.969737399,0.67539081,0.13885545,0.260556477,0.865226937,0.935270742,0.83271312
0.611480504,0.629583275,0.111573059,0.299965115,0.734628329,0.045310743,0.440947975
0.552462953,0.509369517,0.815435607,0.694424484,0.209821895,0.393963356,0.263955507
0.378624435,0.838511365,0.368871533,0.648280511,0.347625303,0.085410158,0.769942279
0.542095294,0.89682531,0.607003621,0.419161915,0.725989393,0.639398588,0.197164377
0.60215585,0.260420053,0.406340428,0.420897179,0.195786459,0.860438788,0.701350557
0.785010781,0.782925306,0.487014833,0.513379797,0.828706583,0.594662163,0.797838985
0.409811142,0.946730057,0.266239009,0.707334343,0.836635973,0.73173817,0.132855959
0.592840776,0.926821475,0.540888083,0.124108604,0.241978471,0.872005915,0.020568551
0.896636764,0.97232385,0.373511977,0.586862438,0.158118153,0.171405392,0.904391764
0.561025417,0.09809873,0.803418487,0.94073308,0.00418102,0.315005048,0.806708561
0.065828919,0.882333552,0.978488039,0.257757377,0.835561739,0.556455986,0.031374659
0.00272289,0.54619286,0.194728386,0.494090659,0.315528635,0.706329694,0.543160852
0.063577764,0.458350121,0.041962502,0.025353512,0.338442102,0.923872203,0.151066951
0.959798725,0.76004696,0.692823407,0.311971186,0.472894685,0.770855421,0.536449099
0.91188222,0.992464932,0.566552807,0.043399677,0.53352423,0.742191609,0.456824011
0.744084852,0.052476768,0.598656772,0.89513444,0.98930146,0.855156419,0.568008449
0.833975017,0.909021316,0.040837076,0.667744233,0.163714203,0.906558526,0.196268207
0.323078475,0.142921144,0.328663248,0.154141438,0.358754442,0.272202141,0.37365316
0.252175414,0.298144329,0.912557841,0.597126753,0.997961555,0.631131204,0.577092603
0.782868072,0.658852948,0.326386293,0.967672341,0.071454219,0.778435494,0.48140843
0.479558841,0.367279759,0.397248495,0.487257055,0.552892898,0.05542224,0.682183948
0.267781341,0.322698291,0.07631514,0.996783405,0.323929172,0.391159964,0.933048794
0.186181523,0.252915715,0.840487412,0.880513406,0.236671512,0.189873167,0.009222839
0.573313192,0.153090563,0.708557974,0.79299531,0.176694127,0.678193967,0.347405338
0.324131435,0.39688467,0.662953473,0.450441856,0.687090545,0.562672564,0.572872427
0.744637128,0.517002914,0.348570485,0.865922124,0.32920494,0.200760262,0.23522578
0.585681866,0.682276491,0.733276384,0.988376213,0.816701457,0.639748321,0.702330286
0.263623411,0.978039659,0.258493093,0.431515573,0.108100166,0.706983649,0.817380814
0.431801314,0.688202581,0.480345408,0.730728085,0.59983934,0.359736906,0.947165567
0.203903779,0.692200808,0.85437472,0.558991934,0.060895554,0.798969375,0.78540726
0.035076291,0.565826466,0.563752773,0.827842879,0.760587616,0.096754669,0.041736291
0.564639224,0.594680869,0.449320482,0.071051575,0.83633934,0.719455246,0.69390428
0.281717091,0.353089333,0.322650328,0.880395943,0.138275875,0.570629184,0.542920929
0.669193108,0.670435215,0.621914455,0.430190733,0.758338423,0.504008981,0.692774577
0.33701446,0.504413055,0.137033287,0.679728969,0.94687602,0.913527786,0.08868315
0.085987725,0.990616838,0.172401177,0.515971771,0.90336455,0.633335069,0.085632415
0.433541302,0.306008204,0.516026603,0.229636154,0.09508846,0.712364663,0.830705245
0.721021415,0.35755898,0.096141059,0.934715756,0.303388926,0.130746442,0.261089067
0.435967777,0.345837627,0.751520993,0.121026888,0.154256396,0.646565424,0.160770469
0.099425624,0.010784934,0.397834811,0.254687978,0.824927927,0.506833749,0.201271401
0.53702768,0.670499501,0.189508348,0.290688219,0.007021992,0.673758861,0.185111975
0.537687544,0.555579331,0.048187054,0.084145742,0.729833952,0.466632619,0.146894866
0.466231413,0.113058958,0.842234663,0.106103187,0.858979744,0.291872908,0.413154674
0.716805901,0.165855651,0.845246621,0.082638483,0.383258227,0.631551222,0.201315865
0.32115558,0.818815082,0.263594969,0.055341709,0.351128339,0.704240527,0.825840129
0.235998827,0.973189199,0.647419868,0.810526274,0.734691714,0.523295109,0.212484198
0.251475677,0.818355401,0.303569417,0.369072223,0.119357288,0.763921305,0.894481615
0.429675365,0.197802013,0.494107531,0.470475766,0.790908627,0.907611438,0.606955632
0.035742709,0.06648271,0.174547347,0.15218814,0.271747701,0.042754585,0.910309942
0.416085688,0.187961094,0.096834881,0.113432307,0.580591446,0.661492027,0.926409357
0.136745223,0.629655355,0.957002698,0.055006323,0.777701163,0.013083492,0.535057769
0.064613851,0.616725468,0.135043716,0.527990572,0.324488798,0.582247901,0.406093085
0.57617328,0.459628929,0.160527093,0.346491312,0.628888136,0.534836505,0.606011403
0.798924789,0.141406914,0.373329771,0.140999819,0.751698282,0.763159078,0.950837813
0.740574361,0.191548103,0.176281016,0.90345043,0.222468089,0.208424123,0.746553447
0.0233607,0.567519997,0.673267835,0.879916338,0.955592039,0.317662405,0.724668744
0.733034,0.552786964,0.393037399,0.672275878,0.261582175,0.38741199,0.519292942
0.431899954,0.751974179,0.002710487,0.824808067,0.408037695,0.942293768,0.576222227
0.848335197,0.710472578,0.61003942,0.825575726,0.175889507,0.388010297,0.864217465
0.986762787,0.9196507,0.03154887,0.353256276,0.351048507,0.275195146,0.19343552
0.086188717,0.689390491,0.255379719,0.009952109,0.241171636,0.797169671,0.3096923
0.104028753,0.057961771,0.848512317,0.996678951,0.604265451,0.747562994,0.793086245
0.732495433,0.633742232,0.264941491,0.889464078,0.94392323,0.436861113,0.967671056
0.818963952,0.91441453,0.235998656,0.808446728,0.018952238,0.170703811,0.455165211
0.956011932,0.057360489,0.250687828,0.235318407,0.124313374,0.89480451,0.889629186
0.265013657,0.030230768,0.040612402,0.499948835,0.049839591,0.03616754,0.552888773
0.285065885,0.537126441,0.802651686,0.383195509,0.643205442,0.289750113,0.589723069
0.9448479,0.974453322,0.454908653,0.111029566,0.853407854,0.092034842,0.328604047
0.088722696,0.575024515,0.884849406,0.664988232,0.167246024,0.534392758,0.733926039
0.388043287,0.805788632,0.243063657,0.199646032,0.697310025,0.524452577,0.606142346
0.560600237,0.257350493,0.686801015,0.132016701,0.512207854,0.768914499,0.613224298
0.450291866,0.500733799,0.716056777,0.754836464,0.158876645,0.970005799,0.190944586
0.418146754,0.04241003,0.198552914,0.148411162,0.428526266,0.589952716,0.45820218
0.976540733,0.312897941,0.337746135,0.809344374,0.894063092,0.39792521,0.059158181
0.617734577,0.522252957,0.171510508,0.151411127,0.652557646,0.35659551,0.206838561
0.01045072,0.47787715,0.380919448,0.827188956,0.473396007,0.307751236,0.512416362
0.672195886,0.341850904,0.945524701,0.06983295,0.441517211,0.63948521,0.523296347
0.726247167,0.11553163,0.874214644,0.909984605,0.133883314,0.577922662,0.315156034
0.703436957,0.675634236,0.443212784,0.280145363,0.058598314,0.797412073,0.844307899
0.0050007,0.944051284,0.205167222,0.064717311,0.023011536,0.156332689,0.545376814
0.750302054,0.13307775,0.191120297,0.781691041,0.955037116,0.208303589,0.494722715
0.713745397,0.331622207,0.82103227,0.83712091,0.466837178,0.997318553,0.960586074
0.571933549,0.880050929,0.198064283,0.27144358,0.536994083,0.090673099,0.866739779
0.106959624,0.522689205,0.673320318,0.607690289,0.105490872,0.702500717,0.850380616
0.029636038,0.59228118,0.965479144,0.206803317,0.646340514,0.01191616,0.704912172
0.552797725,0.526689838,0.880205545,0.573199343,0.964379709,0.977524638,0.491035134
0.111697339,0.634032301,0.014497877,0.51202069,0.983568557,0.017717529,0.847915656
0.180041503,0.865604028,0.020731761,0.832590443,0.161060103,0.796573933,0.778703742
0.053697236,0.790884475,0.875966945,0.562936492,0.375818673,0.134451376,0.901785495
0.20699725,0.72673625,0.805792792,0.649334754,0.085521108,0.725930003,0.064474981
0.794148458,0.846345608,0.391973138,0.784963151,0.239218067,0.630152826,0.198625153
0.960196833,0.953949765,0.299309616,0.260322442,0.179196192,0.032636832,0.234309555
0.234465403,0.275235349,0.84464959,0.119487505,0.262954849,0.983474059,0.19375188
0.585014267,0.605764433,0.37032583,0.208646093,0.007989517,0.270441607,0.178693108
0.782238653,0.035172466,0.992862479,0.407772102,0.771887089,0.820705952,0.018967146
0.475705183,0.34779748,0.82966567,0.406508183,0.091566794,0.749097038,0.806965014
0.790506566,0.591047333,0.833239865,0.407144461,0.251347265,0.22151714,0.579829408
0.969247884,0.382599262,0.406288212,0.3438172,0.950681002,0.667191967,0.21784372
0.811652334,0.339839796,0.417990055,0.059664294,0.69836543,0.819545575,0.314909286
0.475871541,0.805562429,0.46889007,0.944616362,0.521838264,0.070042729,0.111108004
0.928642035,0.84142224,0.307395622,0.910265875,0.41432404,0.479401313,0.775913619
0.221401846,0.494352371,0.670555001,0.639008435,0.894567554,0.907533869,0.772381552
0.373664538,0.867506686,0.732598949,0.880002666,0.373174136,0.874344293,0.831388063
0.075733992,0.411363882,0.780608397,0.687354367,0.851623508,0.580069281,0.86081902
0.763445677,0.046661325,0.531386009,0.779775041,0.75727129,0.251590907,0.547615745
0.758406926,0.353440241,0.59850974,0.314966808,0.90859466,0.932601583,0.894081678
0.496389825,0.964072226,0.66487916,0.598131381,0.854167817,0.828324279,0.545315878
0.638767259,0.028863757,0.613607875,0.590089853,0.807152219,0.309752522,0.476888887
0.814747837,0.78986009,0.002982606,0.24083613,0.141507969,0.980717126,0.339415873
0.060241756,0.815541446,0.240198772,0.825636206,0.180664664,0.440481268,0.676949458
0.720743883,0.148720849,0.818315415,0.988149751,0.749725255,0.468712001,0.232428493
0.608699683,0.290012794,0.74070292,0.223827588,0.156208071,0.996561724,0.73179358
0.970646707,0.255194493,0.648889829,0.437529309,0.596928409,0.991974379,0.47322327
0.650988261,0.469667589,0.133874478,0.432453447,0.02109222,0.337801225,0.597066383
0.635908522,0.997924526,0.117611361,0.277575169,0.871768071,0.08379843,0.991120609
0.038694617,0.530556147,0.830486823,0.176160968,0.160572434,0.858698633,0.231887737
0.384848274,0.756047967,0.14035411,0.419077263,0.104133069,0.082169593,0.631657831
0.143278773,0.063063077,0.766865212,0.402703961,0.071450147,0.047087811,0.940733288
0.633998886,0.564883924,0.468659461,0.752911848,0.275709764,0.553506081,0.338123332
0.983557371,0.532168218,0.805670953,0.667650843,0.104354883,0.641904289,0.660125809
0.223480955,0.652235608,0.303415603,0.547656307,0.860402838,0.980918925,0.381648111
0.816921026,0.083458557,0.631413188,0.626196832,0.937308149,0.919656928,0.401110208
0.797810664,0.951144762,0.140679815,0.871209146,0.053344908,0.00139341,0.487666717
0.217352561,0.623618885,0.842468487,0.385817674,0.251073209,0.855795679,0.745515055
0.874463392,0.627084796,0.908281306,0.721654379,0.877626459,0.925421746,0.076697154
0.149848983,0.837115006,0.462807708,0.341946869,0.411446172,0.694756313,0.742116499
0.324937015,0.057793227,0.470256039,0.922805991,0.094404922,0.356650493,0.234834977
0.999411914,0.176775994,0.37205134,0.194170782,0.501882082,0.061483953,0.163433581
0.510398462,0.044430346,0.662815277,0.756130934,0.650902832,0.715133206,0.07529368
0.739991412,0.775446581,0.975345996,0.665465683,0.579812203,0.593302335,0.926491101
0.072916607,0.602084555,0.79248418,0.2949206,0.397595243,0.077641638,0.612334014
0.755167812,0.202433026,0.109670913,0.797433355,0.62686333,0.623366691,0.343975805
0.249726686,0.561795915,0.736138889,0.141963728,0.829307131,0.075652286,0.38625221
0.408689416,0.388300831,0.894753534,0.792787975,0.655021994,0.295433447,0.14469029
0.784135908,0.869826917,0.050886441,0.92298985,0.10814656,0.20472611,0.86136885
0.78836745,0.037460529,0.842711249,0.261225221,0.135870001,0.156057202,0.90421047
0.081656564,0.852397241,0.904410769,0.633700529,0.914979076,0.337716571,0.571516808
0.095098868,0.996084441,0.894771881,0.3502667,0.816078309,0.236172868,0.949126088
0.632510712,0.846981758,0.725411257,0.730165818,0.846748334,0.391811674,0.426758001
0.48785759,0.962907044,0.242374491,0.176583401,0.499559184,0.165532154,0.031391129
0.125017465,0.720656256,0.460595506,0.854056207,0.120947213,0.520554016,0.386204549
0.555928294,0.588196397,0.788162634,0.321048766,0.510544795,0.624562119,0.23389831
0.654417672,0.925775252,0.85912784,0.663980645,0.871023941,0.106358726,0.318528406
0.196978105,0.09253142,0.214968858,0.049577736,0.176436198,0.323589241,0.098530007
0.206872206,0.694078264,0.03256974,0.52984523,0.595569472,0.315587766,0.33796051
0.791674311,0.285732004,0.336289886,0.650935544,0.070679634,0.073779944,0.585436649
0.115778723,0.534386917,0.881517636,0.336619108,0.374257097,0.701769061,0.91316285
0.596172771,0.7538698,0.939267316,0.173182077,0.514546117,0.335131287,0.26418944
0.93077706,0.007234865,0.203447735,0.99910073,0.9311841,0.761267279,0.396147956
0.31716531,0.10086291,0.794904534,0.355049312,0.206179327,0.65290359,0.906195793
0.965707811,0.01978554,0.955849669,0.47459729,0.353719536,0.670741743,0.007942941
0.607981692,0.413325376,0.422187432,0.639448175,0.565265905,0.441884849,0.447524884
0.916395421,0.901126804,0.900722591,0.885506119,0.345782867,0.112966934,0.488152776
0.704649505,0.068621774,0.78378137,0.121984435,0.138821701,0.092654291,0.064176554
0.750753487,0.203550987,0.746420723,0.197192293,0.813399149,0.30750512,0.419195018
0.932587245,0.972868148,0.364939947,0.717934377,0.482830404,0.150082442,0.564785411
0.50822989,0.094516217,0.894019707,0.20276075,0.356288912,0.124296343,0.126302117
0.698500181,0.754669809,0.919584922,0.827013489,0.763210957,0.355202043,0.168037091
0.67434792,0.352685768,0.227581418,0.714920578,0.073709296,0.441090801,0.82774631
0.616727548,0.511929879,0.022498327,0.076694914,0.937108006,0.650466945,0.847957906
0.003037726,0.48366775,0.486327179,0.698495497,0.277294176,0.593089408,0.658730257
0.378236008,0.076436285,0.453694781,0.270918057,0.784811649,0.930646306,0.059121382
0.639417926,0.915537209,0.724451935,0.15895692,0.12869947,0.213964299,0.108831866
0.219613721,0.988139107,0.513324766,0.084037067,0.96045775,0.758629759,0.954591996
0.747314933,0.994717936,0.450189864,0.060485471,0.995213991,0.619410521,0.412496624
0.146674207,0.119131695,0.161458106,0.029889191,0.875629541,0.884302514,0.523365334
0.236768508,0.435600354,0.831483527,0.536478575,0.633100475,0.756502529,0.330520999
0.31349498,0.898857676,0.37842576,0.28700622,0.054825732,0.732537571,0.573412171
0.611880077,0.693582446,0.093479608,0.269320438,0.650739615,0.015496735,0.524266941
0.217479498,0.726228396,0.494476927,0.814796724,0.273563927,0.830632356,0.871043718
0.56832832,0.409317979,0.004443897,0.680022263,0.80255525,0.913609034,0.8107205
0.662072015,0.409721154,0.398566002,0.941665545,0.513121467,0.249690738,0.248317312
0.774012805,0.587779303,0.963215181,0.329466642,0.539141768,0.115035841,0.483110603
0.225226437,0.26829277,0.04158082,0.906923557,0.400744343,0.281737038,0.801447296
0.247579339,0.099579091,0.397795556,0.625746426,0.598881265,0.034639254,0.710414421
0.641133707,0.0269619,0.164013934,0.624524867,0.474163715,0.801456137,0.524027901
0.983133779,0.606173043,0.391718282,0.967308906,0.512344996,0.581973353,0.10292661
0.777446047,0.395525839,0.207995156,0.315886442,0.783483366,0.926531234,0.400230509
0.58893981,0.683513451,0.110121398,0.865800932,0.955814363,0.586983495,0.81213604
0.843107684,0.731723154,0.870961612,0.522134647,0.293670959,0.8005823,0.386193529
0.415496551,0.243080763,0.40292461,0.04045181,0.255652434,0.644884794,0.282598144
0.879454758,0.680978222,0.801308991,0.500806299,0.691093179,0.98712798,0.697830813
0.16819514,0.842223198,0.959186694,0.019208386,0.623553824,0.656756868,0.398708527
0.65289004,0.248203845,0.59897028,0.900439948,0.414028573,0.10504087,0.458607128
0.251402485,0.301277324,0.483253989,0.653597984,0.369279536,0.771852752,0.789198515
0.73814952,0.107801043,0.822914596,0.81383267,0.949416853,0.42782574,0.900323914